Parameters; Structure; Free Energy; Base Pair Distance; Tool; Variant
BL*; ...(((((((..((....)).)))))))..((((.......((((((...((...((((((....))))))..))...)))))))))).((....))..(((((((......)))))))...((.(((.((...((((...(((....)))..))))...))...))).))...(((((....))))).........; -43.439998626708984; 38; RNAfold; default
BL*; ...(((((((..((....)).)))))))...((((((....((((((...((...((((((....))))))..))...))))))(((...(.((((((....)))))).)..))).............))))))((((...(((....)))..)))).............((..(((((....))))).....))..; -42.83000183105469; 4; RNAfold; modified
BL*; ...(((((((..((....)).)))))))..((((.......((((((...((...((((((....))))))..))...)))))))))).((....))..(((((((......)))))))...((.(((.((...((((...(((....)))..))))...))...))).))...(((((....))))).........; -43.34; 44; pKiss; default
BL*; ...(((((((..((....)).)))))))..((((.......((((((...((...((((((....))))))..))...)))))))))).((....))..(((((((......)))))))...((.(((.((...((((...(((....)))..))))...))...))).))...(((((....))))).........; -43.34; 44; pKiss; modified
BL*; ...(((((((..((....)).)))))))..((((.......((((((...((...((((((....))))))..))...)))))))))).((....))..(((((((......)))))))...((.(((.((...((((...(((....)))..))))...))...))).))...(((((....))))).........; -43.44; 44; RNAPKplex; default
BL*; ...(((((((..((....)).)))))))[[[...]]]...(((((((...((...((((((....))))))..))...)))))))....((....))..(((((((......)))))))...((.(((.((...((((...(((....)))..))))...))...))).))...(((((....))))).........; -44.14; 44; RNAPKplex; modified
CG*; ...(((((((..((....)).)))))))...(((.......((((((...((...((((((....))))))..))...))))))(((...(.((((((....)))))).)..)))...(.(((((....((...((((...(((....)))..))))...)).)))))).....(((((....)))))....)))..; -68.98999786376953; 19; RNAfold; default
CG*; ...(((((((..((....)).)))))))...(((.......((((((...((...((((((....))))))..))...))))))(((.....((((((....))))))....(((((............)))))((((...(((....)))..))))..)))............(((((....)))))....)))..; -68.20999908447266; 23; RNAfold; modified
CG*; ...(((((((..((....)).)))))))..((((.......((((((...((...((((((....))))))..))...)))))))))).((....))..(((((((......))))))).(((((....((...((((...(((....)))..))))...)).)))))..((..(((((....))))).....))..; -66.29; 36; pKiss; default
CG*; ...(((((((..((....)).)))))))..((((.......((((((...((...((((((....))))))..))...)))))))))).((....))..(((((((......))))))).(((((....((...((((...(((....)))..))))...)).)))))..((..(((((....))))).....))..; -66.29; 36; pKiss; modified
CG*; ...(((((((..((....)).)))))))...(((.......((((((...((...((((((....))))))..))...))))))(((...(.((((((....)))))).)..)))...(.(((((....((...((((...(((....)))..))))...)).)))))).....(((((....)))))....)))..; -68.99; 13; RNAPKplex; default
CG*; ...(((((((..((....)).)))))))[[[(((]]]....((((((...((...((((((....))))))..))...))))))(((...(.((((((....)))))).)..)))...(.(((((....((...((((...(((....)))..))))...)).)))))).....(((((....)))))....)))..; -72.25; 16; RNAPKplex; modified
andronescu2007; ...(((((((..((....)).)))))))..((((.((....((((((...((...((((((....))))))..))...)))))).....((....)).((((((((......))))....(((((....((...((((...(((....)))..))))...)).)))))))))))(((((....)))))....)))).; -73.66999816894531; 41; RNAfold; default
andronescu2007; ...(((((((..((....)).)))))))..((((.((....((((((...((...((((((....))))))..))...))))))(((.....((((((....))))))....(((((............)))))((((...(((....)))..))))..)))..........))(((((....)))))....)))).; -69.81999969482422; 26; RNAfold; modified
andronescu2007; ...(((((((..((....)).)))))))..((((.......((((((...((...((((((....))))))..))...)))))).((..((....))..(((((((......))))))).(((((....((...((((...(((....)))..))))...)).)))))..))..(((((....)))))....)))).; -73.11; 36; pKiss; default
andronescu2007; ...(((((((..((....)).)))))))..((((.......((((((...((...((((((....))))))..))...)))))).((..((....))..(((((((......))))))).(((((....((...((((...(((....)))..))))...)).)))))..))..(((((....)))))....)))).; -73.11; 36; pKiss; modified
andronescu2007; ...(((((((..((....)).)))))))..((((.((....((((((...((...((((((....))))))..))...)))))).....((....)).((((((((......))))....(((((....((...((((...(((....)))..))))...)).)))))))))))(((((....)))))....)))).; -73.67; 37; RNAPKplex; default
andronescu2007; ...(((((((..((....)).)))))))..(((((((....((((((...((...((((((....))))))..))...))))))(((..[[...)))]](((((((......))))))).)))(.(((.((...((((...(((....)))..))))...))...))).)....(((((....)))))....)))).; -76.91; 49; RNAPKplex; modified
langdon2018; ...(((((((..((....)).)))))))...(((.......((((((...((....(((((....)))))...))...))))))(((.......)))..(((((((......)))))))...((.(((.((...((((....((....))...))))...))...))).))...(((((....)))))....)))..; -76.5; 40; RNAfold; default
langdon2018; ...(((((((..((....)).)))))))...(((.......((((((...((....(((((....)))))...))...))))))(((.....((((((....))))))....(((((............)))))((((....((....))...))))..)))............(((((....)))))....)))..; -74.9000015258789; 25; RNAfold; modified
langdon2018; ...(((((((..((....)).)))))))...[[[[[[....((((((...((....(((((....)))))...))...))))))(((.......)))..(((((((......))))))).{{{{{...]]]]]]((((....((....))...))))......}}}}}..((..(((((....))))).....))..; -80.8; 27; pKiss; default
langdon2018; ...(((((((..((....)).)))))))...[[[[[[....((((((...((....(((((....)))))...))...))))))(((.......)))..(((((((......))))))).{{{{{...]]]]]]((((....((....))...))))......}}}}}..((..(((((....))))).....))..; -80.0; 27; pKiss; modified
langdon2018; ...(((((((..((....)).)))))))...(((.......((((((...((....(((((....)))))...))...))))))(((.......)))..(((((((......)))))))...((.(((.((...((((....((....))...))))...))...))).))...(((((....)))))....)))..; -76.5; 46; RNAPKplex; default
langdon2018; ...(((((((..((....)).)))))))...(((.......((((((...((....(((((.[[[)))))...))...))))))(((.......)))..(((((((......))))))).(((((..(..((((...................))))..)...)))))..]]].(((((....)))))....)))..; -78.39; 48; RNAPKplex; modified
turner1999; ....((((((..((....)).))))))((((.(((((....((((((...((...((((((....))))))..))...))))))(((..((....))..(((((((......))))))).........)))...((((...(((....)))..))))..))))).)))).((..(((((....))))).....))..; -90.19999694824219; 42; RNAfold; default
turner1999; .((((((.((((((....))..((.(((...((((((....((((((...((...((((((....))))))..))...))))))(((...(.((((((....)))))).)..))).............))))))..)))...)).........)))))))))).......((..(((((....))))).....))..; -86.30000305175781; 33; RNAfold; modified
turner1999; ((.(((((((..((....)).))))))).))............[[[[........{{{{{]]]]..}}}}}.[[[[..{{{{{{]]]]....}}}}}}.(((((((......))))))).(((((....((...((((...(((....)))..))))...)).)))))..((..(((((....))))).....))..; -89.0; 55; pKiss; default
turner1999; ((.(((((((..((....)).))))))).))(((.......((((((...((...((((((....))))))..))...)))))).((..((....))..(((((((......))))))).(((((....((...((((...(((....)))..))))...)).)))))..))..(((((....)))))....)))..; -87.9; 37; pKiss; modified
turner1999; ....((((((..((....)).))))))((((.(((((....((((((...((...((((((....))))))..))...))))))(((..((....))..(((((((......))))))).........)))...((((...(((....)))..))))..))))).)))).((..(((((....))))).....))..; -90.2; 48; RNAPKplex; default
turner1999; ...(((((((..((....)).)))))))[[[(((]]]...(((((((...((...((((((....))))))..))...)))))))((..((....))..(((((((......))))))).(((((....((...((((...(((....)))..))))...)).)))))..))..(((((....)))))....)))..; -91.77; 39; RNAPKplex; modified
turner2004; ((.(((((((..((....)).))))))).))(((.......((((((....(((.((((((....)))))).)))...))))))(((.......)))..(((((((......)))))))...((.(((.((...((((...(((....)))..))))...))...))).))...(((((....)))))....)))..; -77.4000015258789; 45; RNAfold; default
turner2004; ((.(((((((..((....)).))))))).))(((.......((((((....(((.((((((....)))))).)))...))))))(((...(.((((((....)))))).)..(((((............)))))((((...(((....)))..))))..)))............(((((....)))))....)))..; -74.19999694824219; 29; RNAfold; modified
turner2004; ((.(((((((..((....)).))))))).))............[[[[........{{{{{]]]]..}}}}}.[[[[..{{{{{{]]]]....}}}}}}.(((((((......))))))).[[[[[..{{{..((((((...(((....)))..))))..))..]]]]]......(((((....))))).....}}}.; -83.9; 56; pKiss; default
turner2004; ((.(((((((..((....)).))))))).))[[[[[[....((((((....(((.((((((....)))))).)))...))))))(((.......)))..(((((((......))))))).{{{{{...]]]]]]((((...(((....)))..))))......}}}}}..((..(((((....))))).....))..; -81.6; 32; pKiss; modified
turner2004; ((.(((((((..((....)).))))))).))(((.......((((((....(((.((((((....)))))).)))...))))))(((.......)))..(((((((......)))))))...((.(((.((...((((...(((....)))..))))...))...))).))...(((((....)))))....)))..; -77.4; 51; RNAPKplex; default
turner2004; ((.(((((((..((....)).))))))).))(((.......((((((....(((.((((((....)))))).)))...))))))(((..[[...)))]](((((((......)))))))...((.(((.((...((((...(((....)))..))))...))...))).))...(((((....)))))....)))..; -79.8; 53; RNAPKplex; modified
